Model,Pclass,Age,Sex_female,Fare,Survived
Your_user_name-20230312123411,2.337248322147651,23.68023489932886,0.34563758389261745,31.9127860738255,0.3724832214765101
